Workbook
Name AssetCategoryList: 'Lookup Lists'!$A$2:$A$7
Name ConsequenceScale: 'Lookup Lists'!$E$2:$E$4
Name CritCat: 'Dashboard Data'!$B$6
Name CritStatus: 'Dashboard Data'!$B$7
Name FilterCategory: 'Executive Dashboard'!$D$15
Name FilterCategoryList: 'Lookup Lists'!$P$2:$P$8
Name FilterStatus: 'Executive Dashboard'!$S$15
Name FilterStatusList: 'Lookup Lists'!$Q$2:$Q$5
Name HighThreshold: 'Lookup Lists'!$N$2
Name LikelihoodScale: 'Lookup Lists'!$C$2:$C$4
Name MediumThreshold: 'Lookup Lists'!$N$3
Name OwnerList: 'Lookup Lists'!$K$2:$K$6
Name RevHigh: 'Lookup Lists'!$N$4
Name ReviewWindowDays: 'Lookup Lists'!$N$7
Name RevLow: 'Lookup Lists'!$N$6
Name RevMed: 'Lookup Lists'!$N$5
Name StatusList: 'Lookup Lists'!$G$2:$G$4
Name TreatmentOptionList: 'Lookup Lists'!$I$2:$I$5

Sheet Introduction
B2: BETACODES - Integrated Risk Register & Executive Dashboard
B4: ISO/IEC 27001:2022 & ISO 9001:2015 - Integrated Management System
B6: DOCUMENT INFORMATION
B7: Client | C7: BETACODES
B8: Project | C8: ISO/IEC 27001:2022 & ISO 9001:2015 Compliance
B9: Document Owner | C9: BETACODES
B10: Document Title | C10: BETACODES-REGISTER-01 - Risk Register V1.1
B11: Document Number | C11: BETACODES-REGISTER-01
B12: Version No | C12: V 1.1
B13: Classification | C13: Confidential
B15: WORKBOOK STRUCTURE
B16: Executive Dashboard | C16: Client-facing one-page view. 6 KPIs, 3 charts, 2 filters. Read-only in practice - edit nothing here except the two filter dropdowns.
B17: Risk Register | C17: The single source of truth. Type risks here. White cells are inputs; grey italic cells are calculated - do not overwrite them.
B18: Dashboard Data | C18: Live SUMIFS / COUNTIFS engine feeding the charts. No PivotTables, so nothing needs refreshing.
B19: Lookup Lists | C19: Governed dropdown lists and the risk-criteria parameters. Yellow cells are policy settings.
B21: HOW TO USE
B22: 1. Add a risk by typing in the row directly under the last row of the register - the table extends itself and every calculated column fills down automatically.
B23: 2. A half-finished row is safe. Every calculated column returns blank until Ref is filled in, so no error can reach the dashboard.
B24: 3. All dropdowns read the Lookup Lists sheet. To add a category, owner or status, add it there first (insert a row INSIDE the list, not below it).
B25: 4. Risk banding is controlled by the yellow parameter cells on Lookup Lists. Change 18 to 12 and the whole register re-bands instantly - no formula edits.
B26: 5. The dashboard has no refresh step. It is built on live formulas, not PivotTables, so it updates the moment the register changes.
B27: 6. Overdue and review-due logic uses TODAY(), so the dashboard ages by itself between reviews.
B29: RISK SCORING METHOD
B30: Asset Value = C x I x A (each rated 1-3, so 1-27)
B31: Asset Criticality = 1 if Asset Value <= 6, 2 if <= 12, 3 otherwise
B32: Risk Score = Asset Criticality x Likelihood Score x Consequence Score (1-27)
B33: Risk Level = HIGH if score >= 18, MEDIUM if >= 7, otherwise LOW (thresholds on Lookup Lists)
... B46: DOCUMENT CHANGE RECORD
B47: Version | D47: Date | F47: Updated By | I47: Approved By
B48: V 1.0 | D48: 46199 | F48: Ali Afzal (Compliance Consultant) | I48: Waqar Ali (CEO)
B49: V 1.1 | D49: 46239 | F49: Compliance Consultant | I49: Pending

Sheet Risk Register
A1: RISK DESCRIPTION | V1: TREATMENT PLAN | AD1: POST-TREATMENT ASSESSMENT | AK1: DASHBOARD
A2: Ref | B2: Asset Category | C2: Domain | D2: Asset | E2: Asset Description | F2: Risk Description | G2: Risk Type | H2: Vulnerability | I2: C | J2: I | K2: A | L2: Asset Value | M2: Asset Criticality / Rating | N2: Asset Evaluation | O2: Risk Owner | P2: Likelihood | Q2: Likelihood Score | R2: Likelihood Rationale | S2: Consequences | T2: Consequence Score | U2: Consequences Rationale | V2: Risk Score | W2: Risk Value | X2: Treatment Option Chosen | Y2: Proposed Treatment Action | Z2: Annex A/Control(ISO-27001 and ISO 9001 Standard) | AA2: Treatment Action Owner | AB2: Treatment Action Timescale | AC2: Treatment Action Status | AD2: Post Treatment Asset Value | AE2: Post-Treatment Likelihood | AF2: Post-Treatment Likelihood Score | AG2: Post-Treatment Consequences | AH2: Post-Treatment Consequences Score | AI2: Post-Treatment Risk Score | AJ2: Post-Treatment Risk Level | AK2: Comments | AL2: Dash Rank
A3: 1 | B3: HR | C3: Human Resources / People Security | D3: Human Resource (Employees) | E3: Company personnel who access and process organizational and client information. | F3: Employees are onboarded without background verification, creating exposure to insider threats, fraud, identity misrepresentation, and untrustworthy personnel handling sensitive data. | G3: People | H3: No background / pre-employment verification process performed during hiring. | I3: 3 | J3: 2 | K3: 2 | L3: =IF(tblRiskRegister[[#This Row],[Ref]]="","",tblRiskRegister[[#This Row],[C]]*tblRiskRegister[[#This Row],[I]]*tblRiskRegister[[#This Row],[A]]) -> 12 | M3: =IF(tblRiskRegister[[#This Row],[Asset Value]]="","",IF(tblRiskRegister[[#This Row],[Asset Value]]<=6,1,IF(tblRiskRegister[[#This Row],[Asset Value]]<=12,2,3))) -> 2 | N3: =IF(tblRiskRegister[[#This Row],[Asset Criticality / Rating]]="","",IF(tblRiskRegister[[#This Row],[Asset Criticality / Rating]]=3,"HIGH",IF(tblRiskRegister[[#This Row],[Asset Criticality / Rating]]=2,"MEDIUM","LOW"))) -> MEDIUM | O3: HR Manager | P3: Likely | Q3: =IFERROR(MATCH(tblRiskRegister[[#This Row],[Likelihood]],LikelihoodScale,0),"") -> 2 | R3: Without any screening control, the likelihood of onboarding an unverified or high-risk individual is high. | S3: High | T3: =IFERROR(MATCH(tblRiskRegister[[#This Row],[Consequences]],ConsequenceScale,0),"") -> 3 | U3: An unscreened insider with access to confidential information could cause serious harm to operations, reputation and clients. | V3: =IFERROR(tblRiskRegister[[#This Row],[Asset Criticality / Rating]]*tblRiskRegister[[#This Row],[Likelihood Score]]*tblRiskRegister[[#This Row],[Consequence Score]],"") -> 12 | W3: =IF(tblRiskRegister[[#This Row],[Risk Score]]="","",IF(tblRiskRegister[[#This Row],[Risk Score]]>=HighThreshold,"HIGH",IF(tblRiskRegister[[#This Row],[Risk Score]]>=MediumThreshold,"MEDIUM","LOW"))) -> MEDIUM | X3: Modify | Y3: Background Verification process introduced. A Background Verification Form is completed for each employee and verification is performed after collection of the required data. | Z3: ISO 27001:2022 - A.6.1 Screening; A.6.2 Terms and conditions of employment. | ISO 9001:2015 - Cl. 7.1.2 People; Cl. 7.2 Competence. | AA3: HR Manager | AB3: 46202 | AC3: Close | AD3: =IF(tblRiskRegister[[#This Row],[Asset Criticality / Rating]]="","",tblRiskRegister[[#This Row],[Asset Criticality / Rating]]) -> 2 | AE3: Rare | AF3: =IFERROR(MATCH(tblRiskRegister[[#This Row],[Post-Treatment Likelihood]],LikelihoodScale,0),"") -> 1 | AG3: Moderate | AH3: =IFERROR(MATCH(tblRiskRegister[[#This Row],[Post-Treatment Consequences]],ConsequenceScale,0),"") -> 2 | AI3: =IFERROR(tblRiskRegister[[#This Row],[Post Treatment Asset Value]]*tblRiskRegister[[#This Row],[Post-Treatment Likelihood Score]]*tblRiskRegister[[#This Row],[Post-Treatment Consequences Score]],"") -> 4 | AJ3: =IF(tblRiskRegister[[#This Row],[Post-Treatment Risk Score]]="","",IF(tblRiskRegister[[#This Row],[Post-Treatment Risk Score]]>=HighThreshold,"HIGH",IF(tblRiskRegister[[#This Row],[Post-Treatment Risk Score]]>=MediumThreshold,"MEDIUM","LOW"))) -> LOW | AK3: Close. Background Verification Forms completed and verification records maintained by HR. | AL3: =IF(tblRiskRegister[[#This Row],[Post-Treatment Risk Score]]="","",IF(AND(OR(FilterCategory="All",FilterCategory=tblRiskRegister[[#This Row],[Asset Category]]),OR(FilterStatus="All",FilterStatus=tblRiskRegister[[#This Row],[Treatment Action Status]])),tblRiskRegister[[#This Row],[Post-Treatment Risk Score]]+ROW()/100000,"")) -> 4.00003
A4: 2 | B4: HR | C4: People Security / Competence & Awareness | D4: Workforce (All Employees) | E4: All staff required to understand their information security (ISMS) and quality (QMS) responsibilities. | F4: No ISMS and Quality Management awareness training conducted; staff unaware of security and quality obligations, increasing human error, policy violations and nonconformities. | G4: People | H4: No information security and quality awareness / training program delivered to staff. | I4: 2 | J4: 2 | K4: 2 | L4: =IF(tblRiskRegister[[#This Row],[Ref]]="","",tblRiskRegister[[#This Row],[C]]*tblRiskRegister[[#This Row],[I]]*tblRiskRegister[[#This Row],[A]]) -> 8 | M4: =IF(tblRiskRegister[[#This Row],[Asset Value]]="","",IF(tblRiskRegister[[#This Row],[Asset Value]]<=6,1,IF(tblRiskRegister[[#This Row],[Asset Value]]<=12,2,3))) -> 2 | N4: =IF(tblRiskRegister[[#This Row],[Asset Criticality / Rating]]="","",IF(tblRiskRegister[[#This Row],[Asset Criticality / Rating]]=3,"HIGH",IF(tblRiskRegister[[#This Row],[Asset Criticality / Rating]]=2,"MEDIUM","LOW"))) -> MEDIUM | O4: HR Manager | P4: Likely | Q4: =IFERROR(MATCH(tblRiskRegister[[#This Row],[Likelihood]],LikelihoodScale,0),"") -> 2 | R4: Untrained staff are highly likely to make security and quality errors during day-to-day work. | S4: High | T4: =IFERROR(MATCH(tblRiskRegister[[#This Row],[Consequences]],ConsequenceScale,0),"") -> 3 | U4: Lack of awareness can lead to widespread errors, security incidents and quality nonconformities across the organization. | V4: =IFERROR(tblRiskRegister[[#This Row],[Asset Criticality / Rating]]*tblRiskRegister[[#This Row],[Likelihood Score]]*tblRiskRegister[[#This Row],[Consequence Score]],"") -> 12 | W4: =IF(tblRiskRegister[[#This Row],[Risk Score]]="","",IF(tblRiskRegister[[#This Row],[Risk Score]]>=HighThreshold,"HIGH",IF(tblRiskRegister[[#This Row],[Risk Score]]>=MediumThreshold,"MEDIUM","LOW"))) -> MEDIUM | X4: Modify | Y4: ISMS and QMS awareness training conducted for all employees by the HR Manager and Compliance Consultant. Attendance and training records maintained. | Z4: ISO 27001:2022 - A.6.3 Information security awareness, education and training. | ISO 9001:2015 - Cl. 7.2 Competence; Cl. 7.3 Awareness. | AA4: HR Manager | AB4: 46202 | AC4: Close | AD4: =IF(tblRiskRegister[[#This Row],[Asset Criticality / Rating]]="","",tblRiskRegister[[#This Row],[Asset Criticality / Rating]]) -> 2 | AE4: Rare | AF4: =IFERROR(MATCH(tblRiskRegister[[#This Row],[Post-Treatment Likelihood]],LikelihoodScale,0),"") -> 1 | AG4: Moderate | AH4: =IFERROR(MATCH(tblRiskRegister[[#This Row],[Post-Treatment Consequences]],ConsequenceScale,0),"") -> 2 | AI4: =IFERROR(tblRiskRegister[[#This Row],[Post Treatment Asset Value]]*tblRiskRegister[[#This Row],[Post-Treatment Likelihood Score]]*tblRiskRegister[[#This Row],[Post-Treatment Consequences Score]],"") -> 4 | AJ4: =IF(tblRiskRegister[[#This Row],[Post-Treatment Risk Score]]="","",IF(tblRiskRegister[[#This Row],[Post-Treatment Risk Score]]>=HighThreshold,"HIGH",IF(tblRiskRegister[[#This Row],[Post-Treatment Risk Score]]>=MediumThreshold,"MEDIUM","LOW"))) -> LOW | AK4: Close. Combined ISMS & QMS awareness training session held on the 29th; attendance sheet retained as evidence. | AL4: =IF(tblRiskRegister[[#This Row],[Post-Treatment Risk Score]]="","",IF(AND(OR(FilterCategory="All",FilterCategory=tblRiskRegister[[#This Row],[Asset Category]]),OR(FilterStatus="All",FilterStatus=tblRiskRegister[[#This Row],[Treatment Action Status]])),tblRiskRegister[[#This Row],[Post-Treatment Risk Score]]+ROW()/100000,"")) -> 4.00004
A5: 3 | B5: Software and Application | C5: Secure Software Development / Application | D5: DataNext Application Source Code | E5: Proprietary application source code developed and maintained by BETACODES. | F5: Source code of DataNext released without a security code review; insecure coding, undetected vulnerabilities and quality defects may reach production. | G5: Technology | H5: No secure source-code review process within the software development life cycle. | I5: 3 | J5: 3 | K5: 2 | L5: =IF(tblRiskRegister[[#This Row],[Ref]]="","",tblRiskRegister[[#This Row],[C]]*tblRiskRegister[[#This Row],[I]]*tblRiskRegister[[#This Row],[A]]) -> 18 | M5: =IF(tblRiskRegister[[#This Row],[Asset Value]]="","",IF(tblRiskRegister[[#This Row],[Asset Value]]<=6,1,IF(tblRiskRegister[[#This Row],[Asset Value]]<=12,2,3))) -> 3 | N5: =IF(tblRiskRegister[[#This Row],[Asset Criticality / Rating]]="","",IF(tblRiskRegister[[#This Row],[Asset Criticality / Rating]]=3,"HIGH",IF(tblRiskRegister[[#This Row],[Asset Criticality / Rating]]=2,"MEDIUM","LOW"))) -> HIGH | O5: Development Lead | P5: Likely | Q5: =IFERROR(MATCH(tblRiskRegister[[#This Row],[Likelihood]],LikelihoodScale,0),"") -> 2 | R5: Without code review, vulnerabilities and defects are likely to remain undetected in delivered software. | S5: High | T5: =IFERROR(MATCH(tblRiskRegister[[#This Row],[Consequences]],ConsequenceScale,0),"") -> 3 | U5: Exploitable code flaws could lead to data compromise, service failure and loss of client confidence. | V5: =IFERROR(tblRiskRegister[[#This Row],[Asset Criticality / Rating]]*tblRiskRegister[[#This Row],[Likelihood Score]]*tblRiskRegister[[#This Row],[Consequence Score]],"") -> 18 | W5: =IF(tblRiskRegister[[#This Row],[Risk Score]]="","",IF(tblRiskRegister[[#This Row],[Risk Score]]>=HighThreshold,"HIGH",IF(tblRiskRegister[[#This Row],[Risk Score]]>=MediumThreshold,"MEDIUM","LOW"))) -> HIGH | X5: Modify | Y5: Secure source-code review performed on the DataNext application by Development Leads and a code review report generated and retained. | Z5: ISO 27001:2022 - A.8.28 Secure coding; A.8.25 Secure development life cycle; A.8.29 Security testing in development and acceptance. | ISO 9001:2015 - Cl. 8.3 Design and development; Cl. 8.5 Production and service provision. | AA5: Development Lead | AB5: 46199 | AC5: Close | AD5: =IF(tblRiskRegister[[#This Row],[Asset Criticality / Rating]]="","",tblRiskRegister[[#This Row],[Asset Criticality / Rating]]) -> 3 | AE5: Rare | AF5: =IFERROR(MATCH(tblRiskRegister[[#This Row],[Post-Treatment Likelihood]],LikelihoodScale,0),"") -> 1 | AG5: Moderate | AH5: =IFERROR(MATCH(tblRiskRegister[[#This Row],[Post-Treatment Consequences]],ConsequenceScale,0),"") -> 2 | AI5: =IFERROR(tblRiskRegister[[#This Row],[Post Treatment Asset Value]]*tblRiskRegister[[#This Row],[Post-Treatment Likelihood Score]]*tblRiskRegister[[#This Row],[Post-Treatment Consequences Score]],"") -> 6 | AJ5: =IF(tblRiskRegister[[#This Row],[Post-Treatment Risk Score]]="","",IF(tblRiskRegister[[#This Row],[Post-Treatment Risk Score]]>=HighThreshold,"HIGH",IF(tblRiskRegister[[#This Row],[Post-Treatment Risk Score]]>=MediumThreshold,"MEDIUM","LOW"))) -> LOW | AK5: Close. Code review completed; review report generated and findings remediated. | AL5: =IF(tblRiskRegister[[#This Row],[Post-Treatment Risk Score]]="","",IF(AND(OR(FilterCategory="All",FilterCategory=tblRiskRegister[[#This Row],[Asset Category]]),OR(FilterStatus="All",FilterStatus=tblRiskRegister[[#This Row],[Treatment Action Status]])),tblRiskRegister[[#This Row],[Post-Treatment Risk Score]]+ROW()/100000,"")) -> 6.00005
A6: 4 | B6: Infrastructure | C6: IT Infrastructure / Network Security | D6: Network Servers | E6: Production network servers hosting business and client-facing services. | F6: No penetration testing performed on network servers; exploitable vulnerabilities and misconfigurations may remain undetected and be exploited by attackers. | G6: Technology | H6: Absence of periodic vulnerability assessment and penetration testing of servers. | I6: 3 | J6: 2 | K6: 3 | L6: =IF(tblRiskRegister[[#This Row],[Ref]]="","",tblRiskRegister[[#This Row],[C]]*tblRiskRegister[[#This Row],[I]]*tblRiskRegister[[#This Row],[A]]) -> 18 | M6: =IF(tblRiskRegister[[#This Row],[Asset Value]]="","",IF(tblRiskRegister[[#This Row],[Asset Value]]<=6,1,IF(tblRiskRegister[[#This Row],[Asset Value]]<=12,2,3))) -> 3 | N6: =IF(tblRiskRegister[[#This Row],[Asset Criticality / Rating]]="","",IF(tblRiskRegister[[#This Row],[Asset Criticality / Rating]]=3,"HIGH",IF(tblRiskRegister[[#This Row],[Asset Criticality / Rating]]=2,"MEDIUM","LOW"))) -> HIGH | O6: IT Head | P6: Likely | Q6: =IFERROR(MATCH(tblRiskRegister[[#This Row],[Likelihood]],LikelihoodScale,0),"") -> 2 | R6: Internet-facing/production servers without testing are likely to contain exploitable weaknesses. | S6: High | T6: =IFERROR(MATCH(tblRiskRegister[[#This Row],[Consequences]],ConsequenceScale,0),"") -> 3 | U6: A successful exploit could result in data breach, service downtime and severe operational and reputational impact. | V6: =IFERROR(tblRiskRegister[[#This Row],[Asset Criticality / Rating]]*tblRiskRegister[[#This Row],[Likelihood Score]]*tblRiskRegister[[#This Row],[Consequence Score]],"") -> 18 | W6: =IF(tblRiskRegister[[#This Row],[Risk Score]]="","",IF(tblRiskRegister[[#This Row],[Risk Score]]>=HighThreshold,"HIGH",IF(tblRiskRegister[[#This Row],[Risk Score]]>=MediumThreshold,"MEDIUM","LOW"))) -> HIGH | X6: Modify | Y6: Penetration testing performed on network servers; identified findings remediated and the PT report retained. | Z6: ISO 27001:2022 - A.8.8 Management of technical vulnerabilities; A.8.29 Security testing; A.8.9 Configuration management. | ISO 9001:2015 - Cl. 7.1.3 Infrastructure. | AA6: IT Head | AB6: 46202 | AC6: Close | AD6: =IF(tblRiskRegister[[#This Row],[Asset Criticality / Rating]]="","",tblRiskRegister[[#This Row],[Asset Criticality / Rating]]) -> 3 | AE6: Rare | AF6: =IFERROR(MATCH(tblRiskRegister[[#This Row],[Post-Treatment Likelihood]],LikelihoodScale,0),"") -> 1 | AG6: Moderate | AH6: =IFERROR(MATCH(tblRiskRegister[[#This Row],[Post-Treatment Consequences]],ConsequenceScale,0),"") -> 2 | AI6: =IFERROR(tblRiskRegister[[#This Row],[Post Treatment Asset Value]]*tblRiskRegister[[#This Row],[Post-Treatment Likelihood Score]]*tblRiskRegister[[#This Row],[Post-Treatment Consequences Score]],"") -> 6 | AJ6: =IF(tblRiskRegister[[#This Row],[Post-Treatment Risk Score]]="","",IF(tblRiskRegister[[#This Row],[Post-Treatment Risk Score]]>=HighThreshold,"HIGH",IF(tblRiskRegister[[#This Row],[Post-Treatment Risk Score]]>=MediumThreshold,"MEDIUM","LOW"))) -> LOW | AK6: Close. Penetration test completed, findings remediated and verified. | AL6: =IF(tblRiskRegister[[#This Row],[Post-Treatment Risk Score]]="","",IF(AND(OR(FilterCategory="All",FilterCategory=tblRiskRegister[[#This Row],[Asset Category]]),OR(FilterStatus="All",FilterStatus=tblRiskRegister[[#This Row],[Treatment Action Status]])),tblRiskRegister[[#This Row],[Post-Treatment Risk Score]]+ROW()/100000,"")) -> 6.00006
A7: 5 | B7: Infrastructure | C7: Endpoint Security / IT Assets | D7: Workstations / PCs (Endpoints) | E7: Employee workstations used to access and process company and client data. | F7: Anti-malware not uniformly installed across all endpoints (mix of open-source, Windows Defender, and unprotected devices); inconsistent protection leaves devices exposed to malware. | G7: Technology | H7: Inconsistent / missing endpoint anti-malware protection across PCs. | I7: 2 | J7: 2 | K7: 2 | L7: =IF(tblRiskRegister[[#This Row],[Ref]]="","",tblRiskRegister[[#This Row],[C]]*tblRiskRegister[[#This Row],[I]]*tblRiskRegister[[#This Row],[A]]) -> 8 | M7: =IF(tblRiskRegister[[#This Row],[Asset Value]]="","",IF(tblRiskRegister[[#This Row],[Asset Value]]<=6,1,IF(tblRiskRegister[[#This Row],[Asset Value]]<=12,2,3))) -> 2 | N7: =IF(tblRiskRegister[[#This Row],[Asset Criticality / Rating]]="","",IF(tblRiskRegister[[#This Row],[Asset Criticality / Rating]]=3,"HIGH",IF(tblRiskRegister[[#This Row],[Asset Criticality / Rating]]=2,"MEDIUM","LOW"))) -> MEDIUM | O7: IT Head | P7: Likely | Q7: =IFERROR(MATCH(tblRiskRegister[[#This Row],[Likelihood]],LikelihoodScale,0),"") -> 2 | R7: Unprotected or inconsistently protected endpoints are likely to be infected by malware. | S7: High | T7: =IFERROR(MATCH(tblRiskRegister[[#This Row],[Consequences]],ConsequenceScale,0),"") -> 3 | U7: Malware infection could spread across the network, causing data loss, downtime and compromise of client data. | V7: =IFERROR(tblRiskRegister[[#This Row],[Asset Criticality / Rating]]*tblRiskRegister[[#This Row],[Likelihood Score]]*tblRiskRegister[[#This Row],[Consequence Score]],"") -> 12 | W7: =IF(tblRiskRegister[[#This Row],[Risk Score]]="","",IF(tblRiskRegister[[#This Row],[Risk Score]]>=HighThreshold,"HIGH",IF(tblRiskRegister[[#This Row],[Risk Score]]>=MediumThreshold,"MEDIUM","LOW"))) -> MEDIUM | X7: Modify | Y7: Endpoint anti-malware standardized and installed on all PCs (managed Windows Defender / approved solution). Coverage verified across the fleet. | Z7: ISO 27001:2022 - A.8.7 Protection against malware; A.8.1 User endpoint devices. | ISO 9001:2015 - Cl. 7.1.3 Infrastructure. | AA7: IT Head | AB7: 46199 | AC7: Close | AD7: =IF(tblRiskRegister[[#This Row],[Asset Criticality / Rating]]="","",tblRiskRegister[[#This Row],[Asset Criticality / Rating]]) -> 2 | AE7: Rare | AF7: =IFERROR(MATCH(tblRiskRegister[[#This Row],[Post-Treatment Likelihood]],LikelihoodScale,0),"") -> 1 | AG7: Moderate | AH7: =IFERROR(MATCH(tblRiskRegister[[#This Row],[Post-Treatment Consequences]],ConsequenceScale,0),"") -> 2 | AI7: =IFERROR(tblRiskRegister[[#This Row],[Post Treatment Asset Value]]*tblRiskRegister[[#This Row],[Post-Treatment Likelihood Score]]*tblRiskRegister[[#This Row],[Post-Treatment Consequences Score]],"") -> 4 | AJ7: =IF(tblRiskRegister[[#This Row],[Post-Treatment Risk Score]]="","",IF(tblRiskRegister[[#This Row],[Post-Treatment Risk Score]]>=HighThreshold,"HIGH",IF(tblRiskRegister[[#This Row],[Post-Treatment Risk Score]]>=MediumThreshold,"MEDIUM","LOW"))) -> LOW | AK7: Close. Anti-malware installed and confirmed active on all endpoints. | AL7: =IF(tblRiskRegister[[#This Row],[Post-Treatment Risk Score]]="","",IF(AND(OR(FilterCategory="All",FilterCategory=tblRiskRegister[[#This Row],[Asset Category]]),OR(FilterStatus="All",FilterStatus=tblRiskRegister[[#This Row],[Treatment Action Status]])),tblRiskRegister[[#This Row],[Post-Treatment Risk Score]]+ROW()/100000,"")) -> 4.00007
A8: 6 | B8: Documentation (GRC) | C8: Access Control / Identity & Access Management | D8: User Access Management Records | E8: Records that authorize, grant and track user access rights to systems and applications. | F8: User access granted without formal authorization forms; risk of unauthorized or excessive access rights with no audit trail of access provisioning. | G8: Technology | H8: No formal user access request / authorization process and records. | I8: 3 | J8: 2 | K8: 2 | L8: =IF(tblRiskRegister[[#This Row],[Ref]]="","",tblRiskRegister[[#This Row],[C]]*tblRiskRegister[[#This Row],[I]]*tblRiskRegister[[#This Row],[A]]) -> 12 | M8: =IF(tblRiskRegister[[#This Row],[Asset Value]]="","",IF(tblRiskRegister[[#This Row],[Asset Value]]<=6,1,IF(tblRiskRegister[[#This Row],[Asset Value]]<=12,2,3))) -> 2 | N8: =IF(tblRiskRegister[[#This Row],[Asset Criticality / Rating]]="","",IF(tblRiskRegister[[#This Row],[Asset Criticality / Rating]]=3,"HIGH",IF(tblRiskRegister[[#This Row],[Asset Criticality / Rating]]=2,"MEDIUM","LOW"))) -> MEDIUM | O8: HR Manager | P8: Likely | Q8: =IFERROR(MATCH(tblRiskRegister[[#This Row],[Likelihood]],LikelihoodScale,0),"") -> 2 | R8: Without formal authorization, inappropriate or excessive access is likely to be granted and go unnoticed. | S8: High | T8: =IFERROR(MATCH(tblRiskRegister[[#This Row],[Consequences]],ConsequenceScale,0),"") -> 3 | U8: Excessive or unauthorized access could lead to confidentiality breaches and inability to demonstrate accountability. | V8: =IFERROR(tblRiskRegister[[#This Row],[Asset Criticality / Rating]]*tblRiskRegister[[#This Row],[Likelihood Score]]*tblRiskRegister[[#This Row],[Consequence Score]],"") -> 12 | W8: =IF(tblRiskRegister[[#This Row],[Risk Score]]="","",IF(tblRiskRegister[[#This Row],[Risk Score]]>=HighThreshold,"HIGH",IF(tblRiskRegister[[#This Row],[Risk Score]]>=MediumThreshold,"MEDIUM","LOW"))) -> MEDIUM | X8: Modify | Y8: User Access Request/Authorization Forms created and completed for all users; access formally authorized and recorded. | Z8: ISO 27001:2022 - A.5.15 Access control; A.5.16 Identity management; A.5.18 Access rights; A.8.2 Privileged access rights. | ISO 9001:2015 - Cl. 7.5 Documented information. | AA8: HR Manager | AB8: 46199 | AC8: Close | AD8: =IF(tblRiskRegister[[#This Row],[Asset Criticality / Rating]]="","",tblRiskRegister[[#This Row],[Asset Criticality / Rating]]) -> 2 | AE8: Rare | AF8: =IFERROR(MATCH(tblRiskRegister[[#This Row],[Post-Treatment Likelihood]],LikelihoodScale,0),"") -> 1 | AG8: Moderate | AH8: =IFERROR(MATCH(tblRiskRegister[[#This Row],[Post-Treatment Consequences]],ConsequenceScale,0),"") -> 2 | AI8: =IFERROR(tblRiskRegister[[#This Row],[Post Treatment Asset Value]]*tblRiskRegister[[#This Row],[Post-Treatment Likelihood Score]]*tblRiskRegister[[#This Row],[Post-Treatment Consequences Score]],"") -> 4 | AJ8: =IF(tblRiskRegister[[#This Row],[Post-Treatment Risk Score]]="","",IF(tblRiskRegister[[#This Row],[Post-Treatment Risk Score]]>=HighThreshold,"HIGH",IF(tblRiskRegister[[#This Row],[Post-Treatment Risk Score]]>=MediumThreshold,"MEDIUM","LOW"))) -> LOW | AK8: Close. User access forms created and completed for all users; access register maintained. | AL8: =IF(tblRiskRegister[[#This Row],[Post-Treatment Risk Score]]="","",IF(AND(OR(FilterCategory="All",FilterCategory=tblRiskRegister[[#This Row],[Asset Category]]),OR(FilterStatus="All",FilterStatus=tblRiskRegister[[#This Row],[Treatment Action Status]])),tblRiskRegister[[#This Row],[Post-Treatment Risk Score]]+ROW()/100000,"")) -> 4.00008
A9: 7 | B9: Documentation (GRC) | C9: Governance / Management System Documentation | D9: ISMS & QMS Documentation | E9: Governance, policies, processes and procedures that direct the information security and quality management systems. | F9: Absence of documented ISMS and QMS framework (governance, policies, processes, procedures) leading to inconsistent operations, non-compliance with ISO 27001 / ISO 9001 and audit failure. | G9: Process | H9: No documented management system framework established. | I9: 2 | J9: 3 | K9: 2 | L9: =IF(tblRiskRegister[[#This Row],[Ref]]="","",tblRiskRegister[[#This Row],[C]]*tblRiskRegister[[#This Row],[I]]*tblRiskRegister[[#This Row],[A]]) -> 12 | M9: =IF(tblRiskRegister[[#This Row],[Asset Value]]="","",IF(tblRiskRegister[[#This Row],[Asset Value]]<=6,1,IF(tblRiskRegister[[#This Row],[Asset Value]]<=12,2,3))) -> 2 | N9: =IF(tblRiskRegister[[#This Row],[Asset Criticality / Rating]]="","",IF(tblRiskRegister[[#This Row],[Asset Criticality / Rating]]=3,"HIGH",IF(tblRiskRegister[[#This Row],[Asset Criticality / Rating]]=2,"MEDIUM","LOW"))) -> MEDIUM | O9: Compliance Consultant | P9: Likely | Q9: =IFERROR(MATCH(tblRiskRegister[[#This Row],[Likelihood]],LikelihoodScale,0),"") -> 2 | R9: Without documented direction, inconsistent and non-conforming practices are highly likely. | S9: High | T9: =IFERROR(MATCH(tblRiskRegister[[#This Row],[Consequences]],ConsequenceScale,0),"") -> 3 | U9: Lack of documentation results in compliance failure, certification non-conformities and uncontrolled operations. | V9: =IFERROR(tblRiskRegister[[#This Row],[Asset Criticality / Rating]]*tblRiskRegister[[#This Row],[Likelihood Score]]*tblRiskRegister[[#This Row],[Consequence Score]],"") -> 12 | W9: =IF(tblRiskRegister[[#This Row],[Risk Score]]="","",IF(tblRiskRegister[[#This Row],[Risk Score]]>=HighThreshold,"HIGH",IF(tblRiskRegister[[#This Row],[Risk Score]]>=MediumThreshold,"MEDIUM","LOW"))) -> MEDIUM | X9: Modify | Y9: Complete ISMS and QMS documentation set (governance framework, policies, processes and procedures) developed, approved and published by the Compliance Consultant. | Z9: ISO 27001:2022 - A.5.1 Policies for information security; Cl. 7.5 Documented information. | ISO 9001:2015 - Cl. 4.4 QMS and its processes; Cl. 5.2 Policy; Cl. 7.5 Documented information. | AA9: Compliance Consultant | AB9: 46199 | AC9: Close | AD9: =IF(tblRiskRegister[[#This Row],[Asset Criticality / Rating]]="","",tblRiskRegister[[#This Row],[Asset Criticality / Rating]]) -> 2 | AE9: Rare | AF9: =IFERROR(MATCH(tblRiskRegister[[#This Row],[Post-Treatment Likelihood]],LikelihoodScale,0),"") -> 1 | AG9: Moderate | AH9: =IFERROR(MATCH(tblRiskRegister[[#This Row],[Post-Treatment Consequences]],ConsequenceScale,0),"") -> 2 | AI9: =IFERROR(tblRiskRegister[[#This Row],[Post Treatment Asset Value]]*tblRiskRegister[[#This Row],[Post-Treatment Likelihood Score]]*tblRiskRegister[[#This Row],[Post-Treatment Consequences Score]],"") -> 4 | AJ9: =IF(tblRiskRegister[[#This Row],[Post-Treatment Risk Score]]="","",IF(tblRiskRegister[[#This Row],[Post-Treatment Risk Score]]>=HighThreshold,"HIGH",IF(tblRiskRegister[[#This Row],[Post-Treatment Risk Score]]>=MediumThreshold,"MEDIUM","LOW"))) -> LOW | AK9: Close. Full ISMS & QMS document set developed, approved and published. | AL9: =IF(tblRiskRegister[[#This Row],[Post-Treatment Risk Score]]="","",IF(AND(OR(FilterCategory="All",FilterCategory=tblRiskRegister[[#This Row],[Asset Category]]),OR(FilterStatus="All",FilterStatus=tblRiskRegister[[#This Row],[Treatment Action Status]])),tblRiskRegister[[#This Row],[Post-Treatment Risk Score]]+ROW()/100000,"")) -> 4.00009
A10: 8 | B10: Miscellaneous | C10: Asset Management | D10: Asset Issuance Records / Inventory | E10: Records of company assets issued to and returned by employees. | F10: No records maintained for assets issued to employees; loss of accountability, untracked assets and potential loss or theft of equipment and the data they hold. | G10: Process | H10: No asset issuance form or inventory record-keeping in place. | I10: 2 | J10: 2 | K10: 2 | L10: =IF(tblRiskRegister[[#This Row],[Ref]]="","",tblRiskRegister[[#This Row],[C]]*tblRiskRegister[[#This Row],[I]]*tblRiskRegister[[#This Row],[A]]) -> 8 | M10: =IF(tblRiskRegister[[#This Row],[Asset Value]]="","",IF(tblRiskRegister[[#This Row],[Asset Value]]<=6,1,IF(tblRiskRegister[[#This Row],[Asset Value]]<=12,2,3))) -> 2 | N10: =IF(tblRiskRegister[[#This Row],[Asset Criticality / Rating]]="","",IF(tblRiskRegister[[#This Row],[Asset Criticality / Rating]]=3,"HIGH",IF(tblRiskRegister[[#This Row],[Asset Criticality / Rating]]=2,"MEDIUM","LOW"))) -> MEDIUM | O10: Operations Team | P10: Likely | Q10: =IFERROR(MATCH(tblRiskRegister[[#This Row],[Likelihood]],LikelihoodScale,0),"") -> 2 | R10: Without issuance records, untracked and unaccounted-for assets are likely. | S10: Moderate | T10: =IFERROR(MATCH(tblRiskRegister[[#This Row],[Consequences]],ConsequenceScale,0),"") -> 2 | U10: Lost accountability can lead to asset loss and exposure of data stored on the assets. | V10: =IFERROR(tblRiskRegister[[#This Row],[Asset Criticality / Rating]]*tblRiskRegister[[#This Row],[Likelihood Score]]*tblRiskRegister[[#This Row],[Consequence Score]],"") -> 8 | W10: =IF(tblRiskRegister[[#This Row],[Risk Score]]="","",IF(tblRiskRegister[[#This Row],[Risk Score]]>=HighThreshold,"HIGH",IF(tblRiskRegister[[#This Row],[Risk Score]]>=MediumThreshold,"MEDIUM","LOW"))) -> MEDIUM | X10: Modify | Y10: Asset Issuance Forms created; issuance and return of assets recorded and maintained by the Operations team. | Z10: ISO 27001:2022 - A.5.9 Inventory of information and other associated assets; A.5.10 Acceptable use of assets; A.5.11 Return of assets. | ISO 9001:2015 - Cl. 7.1.3 Infrastructure; Cl. 7.5 Documented information; Cl. 8.5.3 Property belonging to customers/external providers. | AA10: Operations Team | AB10: 46199 | AC10: Close | AD10: =IF(tblRiskRegister[[#This Row],[Asset Criticality / Rating]]="","",tblRiskRegister[[#This Row],[Asset Criticality / Rating]]) -> 2 | AE10: Rare | AF10: =IFERROR(MATCH(tblRiskRegister[[#This Row],[Post-Treatment Likelihood]],LikelihoodScale,0),"") -> 1 | AG10: Slight | AH10: =IFERROR(MATCH(tblRiskRegister[[#This Row],[Post-Treatment Consequences]],ConsequenceScale,0),"") -> 1 | AI10: =IFERROR(tblRiskRegister[[#This Row],[Post Treatment Asset Value]]*tblRiskRegister[[#This Row],[Post-Treatment Likelihood Score]]*tblRiskRegister[[#This Row],[Post-Treatment Consequences Score]],"") -> 2 | AJ10: =IF(tblRiskRegister[[#This Row],[Post-Treatment Risk Score]]="","",IF(tblRiskRegister[[#This Row],[Post-Treatment Risk Score]]>=HighThreshold,"HIGH",IF(tblRiskRegister[[#This Row],[Post-Treatment Risk Score]]>=MediumThreshold,"MEDIUM","LOW"))) -> LOW | AK10: Close. Asset Issuance Forms created and issuance/return records maintained. | AL10: =IF(tblRiskRegister[[#This Row],[Post-Treatment Risk Score]]="","",IF(AND(OR(FilterCategory="All",FilterCategory=tblRiskRegister[[#This Row],[Asset Category]]),OR(FilterStatus="All",FilterStatus=tblRiskRegister[[#This Row],[Treatment Action Status]])),tblRiskRegister[[#This Row],[Post-Treatment Risk Score]]+ROW()/100000,"")) -> 2.0001
A11: 9 | B11: Infrastructure | C11: Backup / Business Continuity | D11: Data Backups | E11: Backup copies of critical business and client data. | F11: No offsite backup location; a site-level incident (fire, theft, disaster) could destroy primary and backup data simultaneously, causing permanent data loss. | G11: Technology | H11: Backups stored only on-site with no geographic redundancy. | I11: 2 | J11: 3 | K11: 3 | L11: =IF(tblRiskRegister[[#This Row],[Ref]]="","",tblRiskRegister[[#This Row],[C]]*tblRiskRegister[[#This Row],[I]]*tblRiskRegister[[#This Row],[A]]) -> 18 | M11: =IF(tblRiskRegister[[#This Row],[Asset Value]]="","",IF(tblRiskRegister[[#This Row],[Asset Value]]<=6,1,IF(tblRiskRegister[[#This Row],[Asset Value]]<=12,2,3))) -> 3 | N11: =IF(tblRiskRegister[[#This Row],[Asset Criticality / Rating]]="","",IF(tblRiskRegister[[#This Row],[Asset Criticality / Rating]]=3,"HIGH",IF(tblRiskRegister[[#This Row],[Asset Criticality / Rating]]=2,"MEDIUM","LOW"))) -> HIGH | O11: IT Head | P11: Likely | Q11: =IFERROR(MATCH(tblRiskRegister[[#This Row],[Likelihood]],LikelihoodScale,0),"") -> 2 | R11: A single on-site copy is vulnerable to any localized incident affecting the primary site. | S11: High | T11: =IFERROR(MATCH(tblRiskRegister[[#This Row],[Consequences]],ConsequenceScale,0),"") -> 3 | U11: Simultaneous loss of primary and backup data would be catastrophic and likely unrecoverable. | V11: =IFERROR(tblRiskRegister[[#This Row],[Asset Criticality / Rating]]*tblRiskRegister[[#This Row],[Likelihood Score]]*tblRiskRegister[[#This Row],[Consequence Score]],"") -> 18 | W11: =IF(tblRiskRegister[[#This Row],[Risk Score]]="","",IF(tblRiskRegister[[#This Row],[Risk Score]]>=HighThreshold,"HIGH",IF(tblRiskRegister[[#This Row],[Risk Score]]>=MediumThreshold,"MEDIUM","LOW"))) -> HIGH | X11: Modify | Y11: E11 office identified and established as the offsite backup location; backups replicated offsite and restoration successfully tested. | Z11: ISO 27001:2022 - A.8.13 Information backup; A.5.29 Information security during disruption; A.5.30 ICT readiness for business continuity; A.7.5 Protecting against physical and environmental threats. | ISO 9001:2015 - Cl. 7.1.3 Infrastructure; Cl. 7.5.3 Control of documented information. | AA11: IT Head | AB11: 46199 | AC11: Close | AD11: =IF(tblRiskRegister[[#This Row],[Asset Criticality / Rating]]="","",tblRiskRegister[[#This Row],[Asset Criticality / Rating]]) -> 3 | AE11: Rare | AF11: =IFERROR(MATCH(tblRiskRegister[[#This Row],[Post-Treatment Likelihood]],LikelihoodScale,0),"") -> 1 | AG11: Moderate | AH11: =IFERROR(MATCH(tblRiskRegister[[#This Row],[Post-Treatment Consequences]],ConsequenceScale,0),"") -> 2 | AI11: =IFERROR(tblRiskRegister[[#This Row],[Post Treatment Asset Value]]*tblRiskRegister[[#This Row],[Post-Treatment Likelihood Score]]*tblRiskRegister[[#This Row],[Post-Treatment Consequences Score]],"") -> 6 | AJ11: =IF(tblRiskRegister[[#This Row],[Post-Treatment Risk Score]]="","",IF(tblRiskRegister[[#This Row],[Post-Treatment Risk Score]]>=HighThreshold,"HIGH",IF(tblRiskRegister[[#This Row],[Post-Treatment Risk Score]]>=MediumThreshold,"MEDIUM","LOW"))) -> LOW | AK11: Close. Offsite backup at E11 established; backup replication and restoration test completed. | AL11: =IF(tblRiskRegister[[#This Row],[Post-Treatment Risk Score]]="","",IF(AND(OR(FilterCategory="All",FilterCategory=tblRiskRegister[[#This Row],[Asset Category]]),OR(FilterStatus="All",FilterStatus=tblRiskRegister[[#This Row],[Treatment Action Status]])),tblRiskRegister[[#This Row],[Post-Treatment Risk Score]]+ROW()/100000,"")) -> 6.00011
A12: 10 | B12: Documentation (GRC) | C12: Security Monitoring / Logging | D12: Endpoint Devices & Logs | E12: Endpoints and servers requiring security event logging and monitoring. | F12: No tool for endpoint logging and monitoring; security events and incidents on devices go undetected, delaying detection and response to threats. | G12: Technology | H12: Absence of centralized logging and monitoring on endpoints/devices. | I12: 2 | J12: 3 | K12: 2 | L12: =IF(tblRiskRegister[[#This Row],[Ref]]="","",tblRiskRegister[[#This Row],[C]]*tblRiskRegister[[#This Row],[I]]*tblRiskRegister[[#This Row],[A]]) -> 12 | M12: =IF(tblRiskRegister[[#This Row],[Asset Value]]="","",IF(tblRiskRegister[[#This Row],[Asset Value]]<=6,1,IF(tblRiskRegister[[#This Row],[Asset Value]]<=12,2,3))) -> 2 | N12: =IF(tblRiskRegister[[#This Row],[Asset Criticality / Rating]]="","",IF(tblRiskRegister[[#This Row],[Asset Criticality / Rating]]=3,"HIGH",IF(tblRiskRegister[[#This Row],[Asset Criticality / Rating]]=2,"MEDIUM","LOW"))) -> MEDIUM | O12: IT Head | P12: Likely | Q12: =IFERROR(MATCH(tblRiskRegister[[#This Row],[Likelihood]],LikelihoodScale,0),"") -> 2 | R12: Without monitoring, malicious or anomalous activity is likely to go undetected. | S12: High | T12: =IFERROR(MATCH(tblRiskRegister[[#This Row],[Consequences]],ConsequenceScale,0),"") -> 3 | U12: Undetected incidents can escalate, increasing breach impact and response time. | V12: =IFERROR(tblRiskRegister[[#This Row],[Asset Criticality / Rating]]*tblRiskRegister[[#This Row],[Likelihood Score]]*tblRiskRegister[[#This Row],[Consequence Score]],"") -> 12 | W12: =IF(tblRiskRegister[[#This Row],[Risk Score]]="","",IF(tblRiskRegister[[#This Row],[Risk Score]]>=HighThreshold,"HIGH",IF(tblRiskRegister[[#This Row],[Risk Score]]>=MediumThreshold,"MEDIUM","LOW"))) -> MEDIUM | X12: Modify | Y12: Wazuh deployed for centralized logging and monitoring of endpoints/devices; alerting and log review operational. | Z12: ISO 27001:2022 - A.8.16 Monitoring activities; A.8.15 Logging; A.5.7 Threat intelligence. | ISO 9001:2015 - Cl. 9.1 Monitoring, measurement, analysis and evaluation. | AA12: IT Head | AB12: 46199 | AC12: Close | AD12: =IF(tblRiskRegister[[#This Row],[Asset Criticality / Rating]]="","",tblRiskRegister[[#This Row],[Asset Criticality / Rating]]) -> 2 | AE12: Rare | AF12: =IFERROR(MATCH(tblRiskRegister[[#This Row],[Post-Treatment Likelihood]],LikelihoodScale,0),"") -> 1 | AG12: Moderate | AH12: =IFERROR(MATCH(tblRiskRegister[[#This Row],[Post-Treatment Consequences]],ConsequenceScale,0),"") -> 2 | AI12: =IFERROR(tblRiskRegister[[#This Row],[Post Treatment Asset Value]]*tblRiskRegister[[#This Row],[Post-Treatment Likelihood Score]]*tblRiskRegister[[#This Row],[Post-Treatment Consequences Score]],"") -> 4 | AJ12: =IF(tblRiskRegister[[#This Row],[Post-Treatment Risk Score]]="","",IF(tblRiskRegister[[#This Row],[Post-Treatment Risk Score]]>=HighThreshold,"HIGH",IF(tblRiskRegister[[#This Row],[Post-Treatment Risk Score]]>=MediumThreshold,"MEDIUM","LOW"))) -> LOW | AK12: Close. Wazuh implemented; devices onboarded for logging and monitoring. | AL12: =IF(tblRiskRegister[[#This Row],[Post-Treatment Risk Score]]="","",IF(AND(OR(FilterCategory="All",FilterCategory=tblRiskRegister[[#This Row],[Asset Category]]),OR(FilterStatus="All",FilterStatus=tblRiskRegister[[#This Row],[Treatment Action Status]])),tblRiskRegister[[#This Row],[Post-Treatment Risk Score]]+ROW()/100000,"")) -> 4.00012

Sheet Dashboard Data
A1: DASHBOARD DATA ENGINE
A2: Every block below is live: it reads tblRiskRegister directly with SUMIFS / COUNTIFS and recalculates the instant a risk is added or edited. No refresh step exists.
A3: Rows inside each block are listed in REVERSE display order - Excel plots the first category at the bottom of a horizontal bar chart.
A5: FILTER CRITERIA ("<>" means "any non-blank value", i.e. no filter)
A6: Asset Category criterion | B6: =IF(FilterCategory="All","<>",FilterCategory) -> <>
A7: Treatment Status criterion | B7: =IF(FilterStatus="All","<>",FilterStatus) -> <>
A9: BLOCK 1 - Risk exposure by asset category > Chart 1 | G9: BLOCK 3 - Top 5 residual risks > Chart 2
A10: Asset Category | B10: Inherent Exposure | C10: Residual Exposure | G10: Risk (Asset) | H10: Residual Score
A11: ='Lookup Lists'!$A$7 -> Miscellaneous | B11: =IF(OR(FilterCategory="All",FilterCategory=$A11),SUMIFS(tblRiskRegister[Risk Score],tblRiskRegister[Asset Category],$A11,tblRiskRegister[Treatment Action Status],CritStatus),0) -> 8 | C11: =IF(OR(FilterCategory="All",FilterCategory=$A11),SUMIFS(tblRiskRegister[Post-Treatment Risk Score],tblRiskRegister[Asset Category],$A11,tblRiskRegister[Treatment Action Status],CritStatus),0) -> 2 | G11: =IFERROR(INDEX(tblRiskRegister[Asset],MATCH(LARGE(tblRiskRegister[Dash Rank],5),tblRiskRegister[Dash Rank],0)),"") -> ISMS & QMS Documentation | H11: =IFERROR(ROUND(LARGE(tblRiskRegister[Dash Rank],5),0),0) -> 4
A12: ='Lookup Lists'!$A$6 -> Peripherals (Devices) | B12: =IF(OR(FilterCategory="All",FilterCategory=$A12),SUMIFS(tblRiskRegister[Risk Score],tblRiskRegister[Asset Category],$A12,tblRiskRegister[Treatment Action Status],CritStatus),0) -> 0 | C12: =IF(OR(FilterCategory="All",FilterCategory=$A12),SUMIFS(tblRiskRegister[Post-Treatment Risk Score],tblRiskRegister[Asset Category],$A12,tblRiskRegister[Treatment Action Status],CritStatus),0) -> 0 | G12: =IFERROR(INDEX(tblRiskRegister[Asset],MATCH(LARGE(tblRiskRegister[Dash Rank],4),tblRiskRegister[Dash Rank],0)),"") -> Endpoint Devices & Logs | H12: =IFERROR(ROUND(LARGE(tblRiskRegister[Dash Rank],4),0),0) -> 4
A13: ='Lookup Lists'!$A$5 -> Software and Application | B13: =IF(OR(FilterCategory="All",FilterCategory=$A13),SUMIFS(tblRiskRegister[Risk Score],tblRiskRegister[Asset Category],$A13,tblRiskRegister[Treatment Action Status],CritStatus),0) -> 18 | C13: =IF(OR(FilterCategory="All",FilterCategory=$A13),SUMIFS(tblRiskRegister[Post-Treatment Risk Score],tblRiskRegister[Asset Category],$A13,tblRiskRegister[Treatment Action Status],CritStatus),0) -> 6 | G13: =IFERROR(INDEX(tblRiskRegister[Asset],MATCH(LARGE(tblRiskRegister[Dash Rank],3),tblRiskRegister[Dash Rank],0)),"") -> DataNext Application Source Code | H13: =IFERROR(ROUND(LARGE(tblRiskRegister[Dash Rank],3),0),0) -> 6
A14: ='Lookup Lists'!$A$4 -> HR | B14: =IF(OR(FilterCategory="All",FilterCategory=$A14),SUMIFS(tblRiskRegister[Risk Score],tblRiskRegister[Asset Category],$A14,tblRiskRegister[Treatment Action Status],CritStatus),0) -> 24 | C14: =IF(OR(FilterCategory="All",FilterCategory=$A14),SUMIFS(tblRiskRegister[Post-Treatment Risk Score],tblRiskRegister[Asset Category],$A14,tblRiskRegister[Treatment Action Status],CritStatus),0) -> 8 | G14: =IFERROR(INDEX(tblRiskRegister[Asset],MATCH(LARGE(tblRiskRegister[Dash Rank],2),tblRiskRegister[Dash Rank],0)),"") -> Network Servers | H14: =IFERROR(ROUND(LARGE(tblRiskRegister[Dash Rank],2),0),0) -> 6
A15: ='Lookup Lists'!$A$3 -> Infrastructure | B15: =IF(OR(FilterCategory="All",FilterCategory=$A15),SUMIFS(tblRiskRegister[Risk Score],tblRiskRegister[Asset Category],$A15,tblRiskRegister[Treatment Action Status],CritStatus),0) -> 48 | C15: =IF(OR(FilterCategory="All",FilterCategory=$A15),SUMIFS(tblRiskRegister[Post-Treatment Risk Score],tblRiskRegister[Asset Category],$A15,tblRiskRegister[Treatment Action Status],CritStatus),0) -> 16 | G15: =IFERROR(INDEX(tblRiskRegister[Asset],MATCH(LARGE(tblRiskRegister[Dash Rank],1),tblRiskRegister[Dash Rank],0)),"") -> Data Backups | H15: =IFERROR(ROUND(LARGE(tblRiskRegister[Dash Rank],1),0),0) -> 6
A16: ='Lookup Lists'!$A$2 -> Documentation (GRC) | B16: =IF(OR(FilterCategory="All",FilterCategory=$A16),SUMIFS(tblRiskRegister[Risk Score],tblRiskRegister[Asset Category],$A16,tblRiskRegister[Treatment Action Status],CritStatus),0) -> 36 | C16: =IF(OR(FilterCategory="All",FilterCategory=$A16),SUMIFS(tblRiskRegister[Post-Treatment Risk Score],tblRiskRegister[Asset Category],$A16,tblRiskRegister[Treatment Action Status],CritStatus),0) -> 12
G17: Ranking is driven by the hidden 'Dash Rank' column in the register, which respects both dashboard filters.
A18: BLOCK 2 - Treatment delivery by accountable owner > Chart 3
A19: Accountable Owner | B19: Pending | C19: Open | D19: Close
A20: ='Lookup Lists'!$K$6 -> Operations Team | B20: =COUNTIFS(tblRiskRegister[Treatment Action Owner],$A20,tblRiskRegister[Treatment Action Status],B$19,tblRiskRegister[Asset Category],CritCat,tblRiskRegister[Treatment Action Status],CritStatus) -> 0 | C20: =COUNTIFS(tblRiskRegister[Treatment Action Owner],$A20,tblRiskRegister[Treatment Action Status],C$19,tblRiskRegister[Asset Category],CritCat,tblRiskRegister[Treatment Action Status],CritStatus) -> 0 | D20: =COUNTIFS(tblRiskRegister[Treatment Action Owner],$A20,tblRiskRegister[Treatment Action Status],D$19,tblRiskRegister[Asset Category],CritCat,tblRiskRegister[Treatment Action Status],CritStatus) -> 1
A21: ='Lookup Lists'!$K$5 -> IT Head | B21: =COUNTIFS(tblRiskRegister[Treatment Action Owner],$A21,tblRiskRegister[Treatment Action Status],B$19,tblRiskRegister[Asset Category],CritCat,tblRiskRegister[Treatment Action Status],CritStatus) -> 0 | C21: =COUNTIFS(tblRiskRegister[Treatment Action Owner],$A21,tblRiskRegister[Treatment Action Status],C$19,tblRiskRegister[Asset Category],CritCat,tblRiskRegister[Treatment Action Status],CritStatus) -> 0 | D21: =COUNTIFS(tblRiskRegister[Treatment Action Owner],$A21,tblRiskRegister[Treatment Action Status],D$19,tblRiskRegister[Asset Category],CritCat,tblRiskRegister[Treatment Action Status],CritStatus) -> 4
A22: ='Lookup Lists'!$K$4 -> HR Manager | B22: =COUNTIFS(tblRiskRegister[Treatment Action Owner],$A22,tblRiskRegister[Treatment Action Status],B$19,tblRiskRegister[Asset Category],CritCat,tblRiskRegister[Treatment Action Status],CritStatus) -> 0 | C22: =COUNTIFS(tblRiskRegister[Treatment Action Owner],$A22,tblRiskRegister[Treatment Action Status],C$19,tblRiskRegister[Asset Category],CritCat,tblRiskRegister[Treatment Action Status],CritStatus) -> 0 | D22: =COUNTIFS(tblRiskRegister[Treatment Action Owner],$A22,tblRiskRegister[Treatment Action Status],D$19,tblRiskRegister[Asset Category],CritCat,tblRiskRegister[Treatment Action Status],CritStatus) -> 3
A23: ='Lookup Lists'!$K$3 -> Development Lead | B23: =COUNTIFS(tblRiskRegister[Treatment Action Owner],$A23,tblRiskRegister[Treatment Action Status],B$19,tblRiskRegister[Asset Category],CritCat,tblRiskRegister[Treatment Action Status],CritStatus) -> 0 | C23: =COUNTIFS(tblRiskRegister[Treatment Action Owner],$A23,tblRiskRegister[Treatment Action Status],C$19,tblRiskRegister[Asset Category],CritCat,tblRiskRegister[Treatment Action Status],CritStatus) -> 0 | D23: =COUNTIFS(tblRiskRegister[Treatment Action Owner],$A23,tblRiskRegister[Treatment Action Status],D$19,tblRiskRegister[Asset Category],CritCat,tblRiskRegister[Treatment Action Status],CritStatus) -> 1
A24: ='Lookup Lists'!$K$2 -> Compliance Consultant | B24: =COUNTIFS(tblRiskRegister[Treatment Action Owner],$A24,tblRiskRegister[Treatment Action Status],B$19,tblRiskRegister[Asset Category],CritCat,tblRiskRegister[Treatment Action Status],CritStatus) -> 0 | C24: =COUNTIFS(tblRiskRegister[Treatment Action Owner],$A24,tblRiskRegister[Treatment Action Status],C$19,tblRiskRegister[Asset Category],CritCat,tblRiskRegister[Treatment Action Status],CritStatus) -> 0 | D24: =COUNTIFS(tblRiskRegister[Treatment Action Owner],$A24,tblRiskRegister[Treatment Action Status],D$19,tblRiskRegister[Asset Category],CritCat,tblRiskRegister[Treatment Action Status],CritStatus) -> 1

Sheet Executive Dashboard
D7: Enterprise Risk Management Dashboard | AF7: ="Last Updated: "&TEXT(NOW(),"dd mmm yyyy hh:mm") -> Last Updated: 14 Aug 2026 01:20
AF9: Live view - recalculates automatically. No refresh required.
D10: ISO 27001:2022 | ISO 9001:2015 | Executive Risk Overview
D14: ASSET CATEGORY | S14: TREATMENT ACTION STATUS
D15: All | S15: All | AF15: Both filters drive every KPI and every chart on this page.
D17: TOTAL RISKS IDENTIFIED | K17: HIGH RESIDUAL RISKS | R17: RISK REDUCTION | Y17: OPEN TREATMENT ACTIONS | AF17: OVERDUE ACTIONS | AM17: CLOSED TREATMENT ACTIONS | AT17: MEDIUM RESIDUAL RISKS | BA17: LOW RESIDUAL RISKS
D18: =COUNTIFS(tblRiskRegister[Asset Category],CritCat,tblRiskRegister[Treatment Action Status],CritStatus) -> 10 | K18: =COUNTIFS(tblRiskRegister[Asset Category],CritCat,tblRiskRegister[Treatment Action Status],CritStatus,tblRiskRegister[Post-Treatment Risk Level],"HIGH") -> 0 | R18: =IFERROR(1-SUMIFS(tblRiskRegister[Post-Treatment Risk Score],tblRiskRegister[Asset Category],CritCat,tblRiskRegister[Treatment Action Status],CritStatus)/SUMIFS(tblRiskRegister[Risk Score],tblRiskRegister[Asset Category],CritCat,tblRiskRegister[Treatment Action Status],CritStatus),0) -> 0.67164179 | Y18: =COUNTIFS(tblRiskRegister[Asset Category],CritCat,tblRiskRegister[Treatment Action Status],CritStatus)-COUNTIFS(tblRiskRegister[Asset Category],CritCat,tblRiskRegister[Treatment Action Status],CritStatus,tblRiskRegister[Treatment Action Status],"Close") -> 0 | AF18: =COUNTIFS(tblRiskRegister[Asset Category],CritCat,tblRiskRegister[Treatment Action Status],CritStatus,tblRiskRegister[Treatment Action Status],"<>Close",tblRiskRegister[Treatment Action Timescale],"<"&TODAY()) -> 0 | AM18: =COUNTIFS(tblRiskRegister[Asset Category],CritCat,tblRiskRegister[Treatment Action Status],CritStatus,tblRiskRegister[Treatment Action Status],"Close") -> 10 | AT18: =COUNTIFS(tblRiskRegister[Asset Category],CritCat,tblRiskRegister[Treatment Action Status],CritStatus,tblRiskRegister[Post-Treatment Risk Level],"MEDIUM") -> 0 | BA18: =COUNTIFS(tblRiskRegister[Asset Category],CritCat,tblRiskRegister[Treatment Action Status],CritStatus,tblRiskRegister[Post-Treatment Risk Level],"LOW") -> 10

Sheet Lookup Lists
A1: Asset Category | C1: Likelihood | E1: Consequence | G1: Treatment Action Status | I1: Treatment Option | K1: Owner / Accountable Role | M1: Risk Criteria Parameter | N1: Value | P1: Category Filter | Q1: Status Filter
A2: Documentation (GRC) | C2: Rare | E2: Slight | G2: Pending | I2: Avoid | K2: Compliance Consultant | M2: High risk threshold (score >=) | N2: 18 | P2: All | Q2: All
A3: Infrastructure | C3: Likely | E3: Moderate | G3: Open | I3: Accept | K3: Development Lead | M3: Medium risk threshold (score >=) | N3: 7 | P3: ='Lookup Lists'!$A$2 -> Documentation (GRC) | Q3: ='Lookup Lists'!$G$2 -> Pending
A4: HR | C4: Almost Certain | E4: High | G4: Close | I4: Modify | K4: HR Manager | M4: Review interval - HIGH (months) | N4: 3 | P4: ='Lookup Lists'!$A$3 -> Infrastructure | Q4: ='Lookup Lists'!$G$3 -> Open
A5: Software and Application | I5: Share | K5: IT Head | M5: Review interval - MEDIUM (months) | N5: 6 | P5: ='Lookup Lists'!$A$4 -> HR | Q5: ='Lookup Lists'!$G$4 -> Close
A6: Peripherals (Devices) | K6: Operations Team | M6: Review interval - LOW (months) | N6: 12 | P6: ='Lookup Lists'!$A$5 -> Software and Application
A7: Miscellaneous | M7: 'Due soon' window (days) | N7: 30 | P7: ='Lookup Lists'!$A$6 -> Peripherals (Devices)
P8: ='Lookup Lists'!$A$7 -> Miscellaneous
M9: Yellow cells are policy parameters.
M10: Changing one re-bands the whole register instantly.
M11: No formula anywhere hard-codes these numbers.
A13: HOW TO EXTEND THESE LISTS
A14: 1. To add a value, right-click a row INSIDE the list (not the row below it) and Insert.
A15: Inserting inside the range makes every defined name, dropdown and formula follow automatically.
A16: 2. Likelihood and Consequence are ORDERED lists - position in the list IS the score (row 1 = score 1).
A17: Never reorder them without re-baselining the register.
A18: 3. Adding an Asset Category also needs one row inserted inside the Category Filter list (column P)
A19: and inside the 'Exposure by Asset Category' block on the Dashboard Data sheet.
A20: 4. Adding an Owner also needs one row inserted inside the 'Delivery by Owner' block on Dashboard Data.
