Workbook

Sheet Introduction
B13: Document Information
B14: Client | D14: BETACODES
B15: Project | D15: ISO/IEC 27001:2022 & ISO 9001:2015 Compliance
B16: Document Owner | D16: BETACODES
B17: Document Title | D17: BETACODES-FRTR-15- Monitoring KPIS's V1.0
B18: Document Number | D18: BETACODES-FRTR-15
B19: Version No | D19: V 1.0
B21: Document Change Record
B22: S. No | C22: Version No | E22: Date | G22: Updated By | J22: Approved By
B23: 1 | C23: Version No 1.0 | E23: 46199 | G23: Ali Afzal (Compliance Consultant) | J23: Waqar Ali (CEO)
B24: 2
B25: 3
B26: 5
B27: 6
B28: 7
B29: 8
B30: 9
B31: 10

Sheet Executive Dashboard
B2: FRTR KPI MONITORING DASHBOARD | I2: ="Last calculated: "&TEXT(NOW(),"dd mmm yyyy hh:mm") -> Last calculated: 12 Aug 2026 10:34
B3: ISO/IEC 27001:2022 & ISO 9001:2015 | Executive Performance Overview | I3: Live view - recalculates automatically. No refresh required.
B5: FILTER - OBJECTIVE | F5: FILTER - CONTROL AREA | J5: Both filters drive every KPI card and chart on this page.
B6: All | F6: All
B8: TOTAL KPIs | D8: AVERAGE ACHIEVEMENT | F8: ACHIEVED | H8: IN PROGRESS | J8: NEEDS ATTENTION | L8: STRONG KPIs
B10: ='Dashboard Data'!B3 -> 13 | D10: ='Dashboard Data'!B4 -> 0.97692308 | F10: ='Dashboard Data'!B5 -> 12 | H10: ='Dashboard Data'!B6 -> 1 | J10: ='Dashboard Data'!B7 -> 0 | L10: ='Dashboard Data'!B8 -> 12
B49: =Introduction!D14&" | FRTR KPI Monitoring "&Introduction!D19&" | Classification: Confidential | Prepared by: "&Introduction!D16 -> BETACODES | FRTR KPI Monitoring V 1.0 | Classification: Confidential | Prepared by: BETACODES

Sheet KPI Log
A1: KPI ID | B1: Objective | C1: Control Area | D1: Control / Project | E1: Metric | F1: Collection Method | G1: Collection Frequency | H1: Who Collects | I1: A (Current Value) | J1: B (Max Value) | K1: Achievement % | L1: Performance Level | M1: Achievement Status
A2: 1 | B2: Effective Information Security | C2: Governance & Documentation | D2: Governance | E2: (ISO 27001:2022 & ISO 9001:2015 documents approved) / (Total documents required) | F2: Master Document List / Document Approval Register | G2: Yearly | H2: Compliance Consultant / Senior Management | I2: 70 | J2: 70 | K2: =IFERROR(I2/J2,0) -> 1 | L2: =IF(K2<=60%,"Needs Attention",IF(K2<=85%,"Moderate","Strong")) -> Strong | M2: =IF(K2>=100%,"Achieved",IF(K2>=50%,"In Progress","Not Achieved")) -> Achieved
A3: 2 | B3: Ongoing Risk Assessment & Mitigation | C3: Risk Management | D3: Risk Identification | E3: (Risks identified & assessed) / (Total risks in register) | F3: Risk Register | G3: Monthly | H3: Compliance Consultant | I3: 10 | J3: 10 | K3: =IFERROR(I3/J3,0) -> 1 | L3: =IF(K3<=60%,"Needs Attention",IF(K3<=85%,"Moderate","Strong")) -> Strong | M3: =IF(K3>=100%,"Achieved",IF(K3>=50%,"In Progress","Not Achieved")) -> Achieved
A4: 3 | B4: Ongoing Risk Assessment & Mitigation | C4: Risk Management | D4: Risk Treatment | E4: (Risks mitigated) / (Total number of risks) | F4: Risk Register / Risk Treatment Plan | G4: Monthly | H4: Compliance Consultant | I4: 7 | J4: 10 | K4: =IFERROR(I4/J4,0) -> 0.7 | L4: =IF(K4<=60%,"Needs Attention",IF(K4<=85%,"Moderate","Strong")) -> Moderate | M4: =IF(K4>=100%,"Achieved",IF(K4>=50%,"In Progress","Not Achieved")) -> In Progress
A5: 4 | B5: Effective Information Security | C5: Security Testing | D5: Vulnerabilities - Network | E5: (VAPT scans completed) / (VAPT scans planned) | F5: Network VAPT / Penetration Test Report | G5: Yearly | H5: IT Head | I5: 1 | J5: 1 | K5: =IFERROR(I5/J5,0) -> 1 | L5: =IF(K5<=60%,"Needs Attention",IF(K5<=85%,"Moderate","Strong")) -> Strong | M5: =IF(K5>=100%,"Achieved",IF(K5>=50%,"In Progress","Not Achieved")) -> Achieved
A6: 5 | B6: Secure Software Development | C6: Security Testing | D6: Vulnerabilities - Application | E6: (Source code reviews completed) / (Source code reviews planned) | F6: Source Code Review Report (Data Next) | G6: Yearly | H6: Frontend and Backend Lead | I6: 1 | J6: 1 | K6: =IFERROR(I6/J6,0) -> 1 | L6: =IF(K6<=60%,"Needs Attention",IF(K6<=85%,"Moderate","Strong")) -> Strong | M6: =IF(K6>=100%,"Achieved",IF(K6>=50%,"In Progress","Not Achieved")) -> Achieved
A7: 6 | B7: Knowledge & Expertise | C7: Training & Awareness | D7: Training - ISO 27001:2022 | E7: (ISO 27001 awareness sessions delivered) / (Sessions planned) | F7: Employee Training Records / Attendance Sheet | G7: Annually | H7: HR Manager / Compliance Consultant | I7: 1 | J7: 1 | K7: =IFERROR(I7/J7,0) -> 1 | L7: =IF(K7<=60%,"Needs Attention",IF(K7<=85%,"Moderate","Strong")) -> Strong | M7: =IF(K7>=100%,"Achieved",IF(K7>=50%,"In Progress","Not Achieved")) -> Achieved
A8: 7 | B8: Knowledge & Expertise | C8: Training & Awareness | D8: Training - ISO 9001:2015 | E8: (ISO 9001 awareness sessions delivered) / (Sessions planned) | F8: Employee Training Records / Attendance Sheet | G8: Annually | H8: HR Manager / Compliance Consultant | I8: 1 | J8: 1 | K8: =IFERROR(I8/J8,0) -> 1 | L8: =IF(K8<=60%,"Needs Attention",IF(K8<=85%,"Moderate","Strong")) -> Strong | M8: =IF(K8>=100%,"Achieved",IF(K8>=50%,"In Progress","Not Achieved")) -> Achieved
A9: 8 | B9: Ongoing Risk Assessment & Mitigation | C9: Audit & Assurance | D9: Internal Audit - ISO 27001:2022 | E9: (ISO 27001 internal audits completed) / (Audits planned) | F9: Internal Audit Report | G9: Yearly | H9: Internal Auditor | I9: 1 | J9: 1 | K9: =IFERROR(I9/J9,0) -> 1 | L9: =IF(K9<=60%,"Needs Attention",IF(K9<=85%,"Moderate","Strong")) -> Strong | M9: =IF(K9>=100%,"Achieved",IF(K9>=50%,"In Progress","Not Achieved")) -> Achieved
A10: 9 | B10: Ongoing Risk Assessment & Mitigation | C10: Audit & Assurance | D10: Internal Audit - ISO 9001:2015 | E10: (ISO 9001 internal audits completed) / (Audits planned) | F10: Internal Audit Report | G10: Yearly | H10: Internal Auditor | I10: 1 | J10: 1 | K10: =IFERROR(I10/J10,0) -> 1 | L10: =IF(K10<=60%,"Needs Attention",IF(K10<=85%,"Moderate","Strong")) -> Strong | M10: =IF(K10>=100%,"Achieved",IF(K10>=50%,"In Progress","Not Achieved")) -> Achieved
A11: 10 | B11: Knowledge & Expertise | C11: Audit & Assurance | D11: Management Review - ISO 27001:2022 | E11: (ISO 27001 management reviews held) / (Reviews planned) | F11: Management Review Meeting Minutes | G11: Yearly | H11: Compliance Consultant and Company Secretary | I11: 1 | J11: 1 | K11: =IFERROR(I11/J11,0) -> 1 | L11: =IF(K11<=60%,"Needs Attention",IF(K11<=85%,"Moderate","Strong")) -> Strong | M11: =IF(K11>=100%,"Achieved",IF(K11>=50%,"In Progress","Not Achieved")) -> Achieved
A12: 11 | B12: Knowledge & Expertise | C12: Audit & Assurance | D12: Management Review - ISO 9001:2015 | E12: (ISO 9001 management reviews held) / (Reviews planned) | F12: Management Review Meeting Minutes | G12: Yearly | H12: Compliance Consultant and Company Secretary | I12: 1 | J12: 1 | K12: =IFERROR(I12/J12,0) -> 1 | L12: =IF(K12<=60%,"Needs Attention",IF(K12<=85%,"Moderate","Strong")) -> Strong | M12: =IF(K12>=100%,"Achieved",IF(K12>=50%,"In Progress","Not Achieved")) -> Achieved
A13: 12 | B13: Secure Software Development | C13: Secure Development | D13: Projects | E13: (Software development projects delivered) / (Total dev projects) | F13: Project Management / SDLC Records | G13: Quarterly | H13: Project Manager | I13: 2 | J13: 2 | K13: =IFERROR(I13/J13,0) -> 1 | L13: =IF(K13<=60%,"Needs Attention",IF(K13<=85%,"Moderate","Strong")) -> Strong | M13: =IF(K13>=100%,"Achieved",IF(K13>=50%,"In Progress","Not Achieved")) -> Achieved
A14: 13 | B14: Secure Software Development | C14: Secure Development | D14: SDLC Compliance | E14: (Applications following SDLC) / (Total applications under development) | F14: Project Management / SDLC Records | G14: Quarterly | H14: Project Manager | I14: 1 | J14: 1 | K14: =IFERROR(I14/J14,0) -> 1 | L14: =IF(K14<=60%,"Needs Attention",IF(K14<=85%,"Moderate","Strong")) -> Strong | M14: =IF(K14>=100%,"Achieved",IF(K14>=50%,"In Progress","Not Achieved")) -> Achieved

Sheet Lookup Lists
A1: Objective | B1: Control Area | D1: Filter - Objective List | E1: Filter - Control Area List
A2: Effective Information Security | B2: Governance & Documentation | D2: All | E2: All
A3: Ongoing Risk Assessment & Mitigation | B3: Risk Management | D3: Effective Information Security | E3: Governance & Documentation
A4: Secure Software Development | B4: Security Testing | D4: Ongoing Risk Assessment & Mitigation | E4: Risk Management
A5: Knowledge & Expertise | B5: Training & Awareness | D5: Secure Software Development | E5: Security Testing
B6: Audit & Assurance | D6: Knowledge & Expertise | E6: Training & Awareness
B7: Secure Development | E7: Audit & Assurance
E8: Secure Development

Sheet Dashboard Data
A1: KPI Cards | D1: KPI Achievement by Objective | G1: Performance by Control Area | J1: Active Filters
A2: Card | B2: Value | D2: Objective | E2: Average Achievement % | G2: Control Area | H2: Average Achievement % | J2: Objective | K2: =FilterObjective -> All
A3: Total KPIs | B3: =COUNTIFS(tblKPILog[Objective],$K$4,tblKPILog[Control Area],$K$5) -> 13 | D3: Effective Information Security | E3: =IFERROR(AVERAGEIFS(tblKPILog[Achievement %],tblKPILog[Objective],D3,tblKPILog[Objective],$K$4,tblKPILog[Control Area],$K$5),0) -> 1 | G3: Governance & Documentation | H3: =IFERROR(AVERAGEIFS(tblKPILog[Achievement %],tblKPILog[Control Area],G3,tblKPILog[Control Area],$K$5,tblKPILog[Objective],$K$4),0) -> 1 | J3: Control Area | K3: =FilterControlArea -> All
A4: Average Achievement | B4: =IFERROR(AVERAGEIFS(tblKPILog[Achievement %],tblKPILog[Objective],$K$4,tblKPILog[Control Area],$K$5),0) -> 0.97692308 | D4: Ongoing Risk Assessment & Mitigation | E4: =IFERROR(AVERAGEIFS(tblKPILog[Achievement %],tblKPILog[Objective],D4,tblKPILog[Objective],$K$4,tblKPILog[Control Area],$K$5),0) -> 0.925 | G4: Risk Management | H4: =IFERROR(AVERAGEIFS(tblKPILog[Achievement %],tblKPILog[Control Area],G4,tblKPILog[Control Area],$K$5,tblKPILog[Objective],$K$4),0) -> 0.85 | J4: ObjCriteria | K4: =IF(K2="All","<>",K2) -> <>
A5: Achieved KPIs | B5: =COUNTIFS(tblKPILog[Achievement Status],"Achieved",tblKPILog[Objective],$K$4,tblKPILog[Control Area],$K$5) -> 12 | D5: Knowledge & Expertise | E5: =IFERROR(AVERAGEIFS(tblKPILog[Achievement %],tblKPILog[Objective],D5,tblKPILog[Objective],$K$4,tblKPILog[Control Area],$K$5),0) -> 1 | G5: Security Testing | H5: =IFERROR(AVERAGEIFS(tblKPILog[Achievement %],tblKPILog[Control Area],G5,tblKPILog[Control Area],$K$5,tblKPILog[Objective],$K$4),0) -> 1 | J5: AreaCriteria | K5: =IF(K3="All","<>",K3) -> <>
A6: In Progress | B6: =COUNTIFS(tblKPILog[Achievement Status],"In Progress",tblKPILog[Objective],$K$4,tblKPILog[Control Area],$K$5) -> 1 | D6: Secure Software Development | E6: =IFERROR(AVERAGEIFS(tblKPILog[Achievement %],tblKPILog[Objective],D6,tblKPILog[Objective],$K$4,tblKPILog[Control Area],$K$5),0) -> 1 | G6: Training & Awareness | H6: =IFERROR(AVERAGEIFS(tblKPILog[Achievement %],tblKPILog[Control Area],G6,tblKPILog[Control Area],$K$5,tblKPILog[Objective],$K$4),0) -> 1
A7: Needs Attention | B7: =COUNTIFS(tblKPILog[Performance Level],"Needs Attention",tblKPILog[Objective],$K$4,tblKPILog[Control Area],$K$5) -> 0 | G7: Audit & Assurance | H7: =IFERROR(AVERAGEIFS(tblKPILog[Achievement %],tblKPILog[Control Area],G7,tblKPILog[Control Area],$K$5,tblKPILog[Objective],$K$4),0) -> 1
A8: Strong KPIs | B8: =COUNTIFS(tblKPILog[Performance Level],"Strong",tblKPILog[Objective],$K$4,tblKPILog[Control Area],$K$5) -> 12 | D8: KPI Achievement Status | G8: Secure Development | H8: =IFERROR(AVERAGEIFS(tblKPILog[Achievement %],tblKPILog[Control Area],G8,tblKPILog[Control Area],$K$5,tblKPILog[Objective],$K$4),0) -> 1
D9: Status | E9: Count
D10: Achieved | E10: =COUNTIFS(tblKPILog[Achievement Status],D10,tblKPILog[Objective],$K$4,tblKPILog[Control Area],$K$5) -> 12
D11: In Progress | E11: =COUNTIFS(tblKPILog[Achievement Status],D11,tblKPILog[Objective],$K$4,tblKPILog[Control Area],$K$5) -> 1
D12: Not Achieved | E12: =COUNTIFS(tblKPILog[Achievement Status],D12,tblKPILog[Objective],$K$4,tblKPILog[Control Area],$K$5) -> 0
